Dealer_Code,Feb_2324_sales,Mar_2324_sales,Apr_2425_sales,May_2425_sales,Jun_2425_sales,Jul_2425_sales,Aug_2425_sales,Sep_2425_sales,Oct_2425_sales,Nov_2425_sales,Dec_2425_sales,Jan_2425_sales,Feb_2324_Target,Mar_2324_Target,Apr_2425_Target,May_2425_Target,Jun_2425_Target,Jul_2425_Target,Aug_2425_Target,Sep_2425_Target,Oct_2425_Target,Nov_2425_Target,Dec_2425_Target,Jan_2425_Target,Sales_Pattern_Overall,Target_Pattern_Overall,Achieved_Type,Predicted_Target_R,Percentage_PT_Dist,Category_Overall
SIPA006,0,0,31,0,0,30,0,0,50,55,52,53,100,0,0,90,90,90,65,65,50,50,50,50,LLHHHH,NNNAAA,Moderate Achievement,60,0.004971002485501243,Emerging Performer
SIPA008,46,24,25,25,25,26,46,40,26,41,33,45,40,25,30,30,30,30,40,40,50,50,50,30,HHLHLH,AANNNA,Moderate Achievement,45,0.003728251864125932,Emerging Performer
SIPA010,15,0,30,0,19,10,0,27,16,9,20,0,30,25,25,25,30,30,25,25,20,20,24,15,LHHLHL,NANNNN,Low Achievement,25,0.002071251035625518,Fluctuating Performer
SIPA013,31,30,53,22,25,20,44,56,0,31,19,20,60,45,50,50,50,50,50,50,50,50,50,30,HHLHLL,NANNNN,Low Achievement,30,0.0024855012427506215,Fluctuating Performer
SIPA015,0,0,0,0,25,19,39,65,50,52,52,10,40,0,0,0,15,25,40,40,50,50,50,35,HHHHHL,NANAAN,Moderate Achievement,45,0.003728251864125932,Emerging Performer
SIPA017,30,34,25,29,15,12,30,30,0,20,20,18,30,25,30,30,30,30,30,30,35,35,30,30,HHLHHL,NANNNN,Low Achievement,25,0.002071251035625518,Emerging Performer
SIPA018,15,33,36,15,33,30,15,32,30,0,14,30,40,25,30,35,30,30,30,30,35,35,30,30,LHHLLH,NANNNN,Low Achievement,30,0.0024855012427506215,Fluctuating Performer
SIPA019,20,31,61,20,21,46,41,25,91,18,20,32,40,25,30,40,45,50,50,50,50,50,50,40,HLHLLH,NNNNNN,No Achievement,25,0.002071251035625518,Fluctuating Performer
SIPA020,20,40,40,40,15,20,31,30,40,31,30,30,30,30,30,30,30,30,30,30,35,20,30,30,HLHHHL,AAAAAA,High Achievement,40,0.0033140016570008283,Consistently Strong Performer
SIPA021,30,21,0,0,0,0,29,20,27,0,25,0,30,15,20,20,25,25,18,18,20,20,24,12,HHHLHL,AAANAN,Moderate Achievement,30,0.0024855012427506215,Consistently Strong Performer
SIPA023,32,34,20,25,24,32,20,42,36,25,20,10,40,25,30,30,30,30,30,30,35,35,30,30,LHHLLL,NAANNN,Low Achievement,30,0.0024855012427506215,Consistently Weak Performer
SIPA024,15,0,38,0,10,0,25,25,0,21,12,14,30,25,25,25,30,30,25,25,20,20,25,15,HHLHLH,AANANN,Moderate Achievement,20,0.0016570008285004142,Emerging Performer
SIPA025,49,55,75,25,25,41,63,60,45,36,12,30,50,45,50,50,60,60,60,60,50,35,50,40,HHLLLL,ANNANN,Low Achievement,30,0.0024855012427506215,Consistently Weak Performer
SIPA026,121,229,173,52,137,107,132,192,221,158,0,55,150,150,170,200,150,130,210,210,200,110,150,30,LHHHLL,NNAANA,Moderate Achievement,155,0.01284175642087821,Fluctuating Performer
SIPA028,0,0,32,0,0,0,15,0,23,0,17,24,30,30,30,30,20,20,25,25,20,20,25,12,HLHLHH,NNANNA,Low Achievement,25,0.002071251035625518,Emerging Performer
SIPA030,77,101,86,25,29,48,81,79,60,53,63,60,75,75,75,75,80,80,80,80,50,50,75,60,HHHLHL,ANAANA,Moderate Achievement,65,0.005385252692626346,Consistently Strong Performer
SIPA031,146,149,175,100,145,86,137,136,108,112,51,79,180,130,170,170,190,175,200,200,200,110,150,130,HHLLLL,NNNANN,Low Achievement,85,0.007042253521126761,Consistently Weak Performer
SIPA032,100,104,118,90,31,27,96,121,115,119,91,110,150,130,130,130,150,150,130,130,110,110,120,120,HHHHHH,NNAANN,Low Achievement,110,0.009113504556752278,Emerging Performer
SIPA035,25,31,39,11,25,13,25,11,24,37,26,16,30,30,30,35,35,35,30,30,35,35,30,20,HLHHHL,NNNANN,Low Achievement,30,0.0024855012427506215,Emerging Performer
SIPA036,21,0,29,22,20,0,0,0,0,12,12,12,30,15,25,20,20,20,20,20,20,20,24,12,LLLHHH,NNNNNN,No Achievement,15,0.0012427506213753107,Declining Performer
SIPA037,107,110,115,92,89,71,101,31,117,95,71,50,130,95,120,120,150,150,150,150,110,110,125,100,HLHHLL,NNANNN,Low Achievement,75,0.006213753106876553,Fluctuating Performer
SIPA039,52,45,48,39,41,31,58,61,46,25,65,25,50,50,50,50,55,55,60,60,50,50,75,50,HHLLHL,NANNNN,Low Achievement,45,0.003728251864125932,Fluctuating Performer
SIPA040,25,77,51,24,50,9,72,75,51,29,50,12,65,60,60,75,70,60,70,70,50,50,60,50,HHHLHL,AAANNN,Moderate Achievement,35,0.002899751449875725,Emerging Performer
SIPA043,33,35,20,36,10,20,31,31,4,30,12,8,40,35,35,35,35,30,35,35,35,35,30,20,HHLHLL,NNNNNN,No Achievement,25,0.002071251035625518,Fluctuating Performer
SIPA044,0,0,53,81,0,0,73,92,0,63,31,67,70,70,70,60,90,60,60,60,60,60,60,45,HHLHLH,AANANA,Moderate Achievement,60,0.004971002485501243,Consistently Strong Performer
SIPA054,0,0,0,0,0,0,0,0,20,0,12,15,20,10,10,10,10,5,10,10,10,10,12,12,HHHLHH,NNNNNN,No Achievement,0,0.0,Emerging Performer
SIPA057,0,14,14,0,11,21,24,20,0,20,0,0,20,12,12,15,20,24,20,20,20,20,24,12,HHLHLL,AANANN,Moderate Achievement,25,0.002071251035625518,Fluctuating Performer
SIPA058,13,26,14,12,25,12,30,12,12,12,12,12,25,25,24,24,24,24,30,30,20,20,24,20,HLLLLL,NNNNNN,No Achievement,15,0.0012427506213753107,Consistently Weak Performer
SIPA061,13,12,12,13,13,11,14,17,0,10,12,0,12,12,12,15,20,12,15,15,10,10,12,12,HHLLHL,NANAAN,Moderate Achievement,15,0.0012427506213753107,Fluctuating Performer
SIPA064,0,13,26,0,0,10,0,12,0,12,0,12,20,12,12,15,15,15,15,15,10,10,12,12,LHLHLH,NNNANA,Low Achievement,15,0.0012427506213753107,Fluctuating Performer
SIPA066,20,36,32,25,31,15,38,25,28,36,38,24,30,20,24,25,30,30,34,34,20,20,35,35,HLHHHL,ANAAAN,Moderate Achievement,40,0.0033140016570008283,Consistently Strong Performer
SIPA073,30,45,49,24,35,0,21,21,35,13,13,12,40,35,35,50,60,50,45,45,35,35,35,30,LLHLLL,NNANNN,Low Achievement,15,0.0012427506213753107,Consistently Weak Performer
SIPA077,0,0,21,14,31,0,26,27,27,41,25,24,30,15,15,15,30,30,22,22,20,20,24,25,HHHHLL,AAAAAN,High Achievement,40,0.0033140016570008283,Consistently Strong Performer
SIPA079,39,0,31,25,22,0,25,25,27,35,38,48,30,20,24,24,24,25,22,22,20,20,24,25,HHHHHH,AAAAAA,High Achievement,50,0.004142502071251036,Consistently Strong Performer
SIPA081,25,24,28,13,12,13,25,13,12,12,16,12,25,25,25,25,30,24,30,30,20,20,24,20,LLLLHL,NNNNNN,No Achievement,15,0.0012427506213753107,Consistently Weak Performer
SIPA086,0,15,15,11,0,0,0,13,12,12,-1,0,12,10,10,15,20,20,10,10,10,10,12,12,LHHHLL,NAAANN,Moderate Achievement,15,0.0012427506213753107,Momentum Gainer
SIPA088,13,0,0,12,0,14,5,15,13,12,0,12,20,15,15,10,15,15,15,15,10,10,12,12,LHHHLH,NAAANN,Moderate Achievement,15,0.0012427506213753107,Emerging Performer
SIPA094,81,159,210,151,139,131,134,205,171,150,154,72,100,90,100,130,200,150,150,150,200,110,150,150,LHHLLL,NANAAN,Moderate Achievement,135,0.011184755592377795,Fluctuating Performer
SIPA101,12,16,12,12,25,12,0,22,20,12,14,0,12,15,15,20,20,25,15,15,10,10,15,15,LHHLLL,NAAANN,Moderate Achievement,20,0.0016570008285004142,Fluctuating Performer
SIPA102,23,31,21,29,0,26,12,20,25,12,21,15,30,30,30,30,30,30,30,30,20,20,24,15,LHHLHL,NNANNN,Low Achievement,20,0.0016570008285004142,Fluctuating Performer
SIPA103,24,27,0,29,0,0,19,22,0,20,22,0,30,25,25,30,30,30,30,30,35,20,24,15,HHLHHL,NNNANN,Low Achievement,25,0.002071251035625518,Emerging Performer
SIPA104,11,10,0,8,0,0,12,0,12,11,10,0,12,10,12,12,12,12,10,10,10,10,12,12,HLHHHL,ANAANN,Moderate Achievement,15,0.0012427506213753107,Emerging Performer
SIPA106,114,152,93,160,35,31,0,0,0,106,106,0,200,140,150,170,160,160,160,160,200,35,80,80,LLLHHL,NNNAAN,Low Achievement,110,0.009113504556752278,Consistently Weak Performer
SIPA107,44,92,90,103,58,82,78,66,104,90,92,59,100,80,80,100,100,100,100,100,110,110,110,105,HLHHHL,NNNNNN,No Achievement,80,0.006628003314001657,Emerging Performer
SIPA108,72,61,58,102,68,50,90,66,109,28,101,59,100,100,100,100,100,100,100,100,110,110,110,80,HLHLHL,NNNNNN,No Achievement,65,0.005385252692626346,Fluctuating Performer
SIPA109,30,27,30,31,24,0,0,34,0,0,25,25,30,30,30,30,30,30,30,30,35,20,24,15,LHLLHH,NANNAA,Moderate Achievement,35,0.002899751449875725,Fluctuating Performer
SIPA112,29,49,28,33,31,55,30,42,0,27,25,28,30,35,40,35,40,40,40,40,50,50,35,30,LHLLLL,NANNNN,Low Achievement,30,0.0024855012427506215,Consistently Weak Performer
SIPA113,12,0,26,0,15,12,17,16,20,12,0,15,14,12,12,12,15,15,15,15,10,10,15,15,HHHLLH,AAAANN,Moderate Achievement,20,0.0016570008285004142,Consistently Strong Performer
SIPA114,25,0,59,26,29,31,20,21,26,20,26,21,30,25,25,25,25,25,25,25,20,20,30,30,LLLLHL,NNAANN,Low Achievement,25,0.002071251035625518,Consistently Weak Performer
SIPA117,152,262,268,223,176,178,215,226,215,224,174,150,230,200,220,240,250,225,250,250,200,200,220,220,HHHHLL,NNAANN,Low Achievement,190,0.015741507870753936,Emerging Performer
SIPA118,23,45,65,25,24,39,42,45,46,34,22,20,40,35,35,35,40,35,40,40,35,35,40,40,HHHLLL,AAANNN,Moderate Achievement,30,0.0024855012427506215,Momentum Gainer
SIPA122,0,39,43,25,0,34,0,27,25,25,21,20,25,20,20,25,30,30,30,30,20,20,24,25,LHHHHL,NNAANN,Low Achievement,25,0.002071251035625518,Emerging Performer
SIPA123,0,50,25,0,26,0,25,30,0,19,26,0,20,20,20,20,24,24,25,25,20,20,24,25,HHLHHL,AANNAN,Moderate Achievement,30,0.0024855012427506215,Emerging Performer
SIPA126,0,17,31,8,0,0,20,18,0,21,0,20,20,15,15,15,20,20,17,17,20,20,20,12,HHLHLH,AANANA,Moderate Achievement,25,0.002071251035625518,Consistently Strong Performer
SIPA128,12,0,24,24,0,0,10,0,0,0,0,12,12,10,12,12,12,12,10,10,10,10,12,10,LLLLLH,ANNNNA,Low Achievement,15,0.0012427506213753107,Consistently Weak Performer
SIPA131,50,42,77,55,26,39,51,50,55,20,26,30,50,40,45,50,60,60,50,50,50,50,50,45,HHHLLL,AAANNN,Moderate Achievement,30,0.0024855012427506215,Momentum Gainer
SIPA133,11,16,42,0,14,12,7,26,24,0,13,17,24,15,20,24,24,24,25,25,20,20,24,15,LHHLLH,NAANNA,Moderate Achievement,25,0.002071251035625518,Fluctuating Performer
SIPA134,0,0,23,16,15,15,16,20,14,22,12,6,20,15,15,15,15,15,17,17,20,20,24,20,HHLHLL,NANANN,Low Achievement,20,0.0016570008285004142,Fluctuating Performer
SIPA135,24,13,24,22,10,0,12,25,24,28,23,12,24,20,20,24,24,24,25,25,20,20,24,20,LHHHHL,NAAANN,Moderate Achievement,25,0.002071251035625518,Emerging Performer
SIPA148,0,0,0,67,41,0,49,34,30,40,31,0,40,30,30,30,40,40,30,30,30,30,40,30,HHLHLL,AANANN,Moderate Achievement,40,0.0033140016570008283,Fluctuating Performer
SIPA151,0,0,0,0,0,0,80,40,50,87,0,87,100,777,777,700,200,50,100,100,100,80,80,30,HHHHLH,NNNANA,Low Achievement,80,0.006628003314001657,Emerging Performer
SIPA163,0,0,40,53,20,20,36,25,10,31,20,10,40,30,30,30,40,40,30,30,30,30,30,30,HLLHLL,ANNANN,Low Achievement,25,0.002071251035625518,Consistently Weak Performer
SIPA164,13,12,13,0,0,0,2,0,5,4,0,0,15,12,12,12,12,12,10,10,10,10,12,12,LLHHLL,NNNNNN,No Achievement,0,0.0,Consistently Weak Performer
SIPA165,0,11,20,20,14,10,14,10,11,15,0,0,20,10,12,20,20,20,15,15,20,20,24,15,HLLHLL,NNNNNN,No Achievement,15,0.0012427506213753107,Consistently Weak Performer
SIPA167,5,20,16,13,0,12,0,14,0,0,0,12,12,10,10,12,15,15,15,15,10,10,12,6,LHLLLH,NNNNNA,Low Achievement,15,0.0012427506213753107,Consistently Weak Performer
SIPA173,0,0,0,25,25,30,0,31,28,27,33,0,30,25,25,30,30,30,25,25,25,25,30,22,LHHHHL,NAAAAN,Moderate Achievement,35,0.002899751449875725,Consistently Strong Performer
SIPA174,41,41,45,40,45,25,0,13,20,18,38,22,40,40,40,40,45,45,60,60,50,35,35,30,LLLLHH,NNNNAN,Low Achievement,30,0.0024855012427506215,Consistently Weak Performer
SIPA184,0,12,12,13,13,0,16,15,13,11,13,11,12,10,12,12,12,12,15,15,10,10,12,12,HHHLHH,AAAAAN,High Achievement,15,0.0012427506213753107,Consistently Strong Performer
SIPA187,3,10,2,10,2,0,10,14,16,0,12,0,12,10,10,10,10,10,10,10,10,10,12,12,HHHLHL,AAANAN,Moderate Achievement,20,0.0016570008285004142,Consistently Strong Performer
SIPA190,13,15,15,16,12,12,19,0,20,24,20,11,12,15,15,15,15,15,18,18,20,20,20,15,HLHHHL,ANAANN,Moderate Achievement,25,0.002071251035625518,Emerging Performer
SIPA192,0,14,0,6,13,0,10,0,0,0,10,0,15,10,12,12,12,12,10,10,10,10,12,10,HLLLHL,NNNNNN,No Achievement,10,0.0008285004142502071,Consistently Weak Performer
SIPA202,33,66,60,40,40,51,52,53,23,0,54,24,50,40,45,50,70,60,60,60,50,50,50,40,HHLLHL,NNNNAN,Low Achievement,40,0.0033140016570008283,Fluctuating Performer
SIPA206,12,31,24,12,7,12,12,0,22,12,0,12,20,20,20,20,20,20,20,20,20,20,20,12,LLHHLH,NNANNN,Low Achievement,20,0.0016570008285004142,Fluctuating Performer
SIPA208,0,0,0,30,0,0,25,0,0,0,50,0,25,20,20,30,30,30,20,20,20,20,24,10,HLLLHL,NNNNNN,No Achievement,15,0.0012427506213753107,Consistently Weak Performer
SIPA212,59,19,51,34,24,25,51,51,56,0,21,10,55,50,50,50,50,50,50,50,50,50,50,50,HHHLLL,AAANNN,Moderate Achievement,35,0.002899751449875725,Momentum Gainer
SIPA213,25,40,39,14,13,25,35,24,20,21,12,24,20,20,20,24,24,24,25,25,20,20,24,24,HLLLLH,ANAANN,Moderate Achievement,25,0.002071251035625518,Fluctuating Performer
SIPA215,5,10,12,11,0,11,0,11,10,0,12,11,20,10,10,12,12,12,10,10,10,10,12,12,LHHLHH,NAANAN,Moderate Achievement,15,0.0012427506213753107,Emerging Performer
SIPA217,0,0,0,0,14,0,0,0,0,10,0,0,12,5,5,0,0,12,10,10,10,10,12,12,LLLHLL,NNNNNN,No Achievement,0,0.0,Consistently Weak Performer
SIPA232,13,12,12,0,0,12,12,0,13,0,0,23,25,12,12,12,15,12,20,20,20,10,12,12,HLHLLH,NNNNNA,Low Achievement,20,0.0016570008285004142,Fluctuating Performer
SIPA233,50,62,52,25,10,21,48,55,54,54,50,32,50,40,40,45,50,50,50,50,50,50,50,50,HHHHHL,NAAAAN,Moderate Achievement,55,0.004556752278376139,Consistently Strong Performer
SIPA234,32,42,103,68,48,50,48,53,60,91,0,0,50,40,45,55,60,50,50,50,50,35,50,30,LLLHLL,NAAANN,Moderate Achievement,75,0.006213753106876553,Fluctuating Performer
SIPA235,60,74,92,39,33,30,56,63,56,55,46,30,60,60,60,65,65,55,65,65,50,50,60,60,HHHHLL,NNAANN,Low Achievement,50,0.004142502071251036,Emerging Performer
SIPA236,26,29,28,24,25,25,11,11,20,10,17,14,24,20,24,24,30,24,25,25,20,20,24,24,LLLLLL,NNANNN,Low Achievement,20,0.0016570008285004142,Consistently Weak Performer
SIPA237,17,14,26,0,0,13,21,13,0,12,20,12,20,12,12,12,12,12,15,15,20,20,24,12,HHLHHL,ANNNNN,Low Achievement,20,0.0016570008285004142,Emerging Performer
SIPA238,0,11,0,13,0,0,13,12,0,0,12,6,0,0,0,12,10,10,10,10,10,10,12,5,HHLLHL,AANNNA,Moderate Achievement,15,0.0012427506213753107,Fluctuating Performer
SIPA241,15,20,20,20,22,0,23,20,0,20,20,0,15,15,15,15,15,20,20,20,20,20,20,20,HHLHHL,AANAAN,Moderate Achievement,25,0.002071251035625518,Consistently Strong Performer
SIPA243,24,51,12,12,12,12,12,25,26,25,12,12,20,20,20,24,24,24,30,30,20,20,24,20,LHHHLL,NNNNNN,No Achievement,15,0.0012427506213753107,Fluctuating Performer
SIPA244,51,45,51,54,30,25,25,25,49,21,49,20,50,40,50,50,50,50,50,50,50,50,50,40,LLHLHL,NNNNNN,No Achievement,30,0.0024855012427506215,Consistently Weak Performer
SIPA249,0,0,19,15,12,0,0,12,13,22,19,0,20,12,12,15,20,12,15,15,20,20,20,12,LHHHHL,NNNANN,Low Achievement,25,0.002071251035625518,Emerging Performer
SIPA252,0,15,20,7,0,10,14,0,15,13,0,15,12,10,12,15,15,15,15,15,10,10,12,12,HLHHLH,NNAANA,Moderate Achievement,20,0.0016570008285004142,Emerging Performer
SIPA257,13,0,24,0,12,0,4,11,11,0,11,0,12,10,10,12,12,12,10,10,10,10,12,12,LHHLHL,NAANNN,Low Achievement,15,0.0012427506213753107,Fluctuating Performer
SIPA260,0,0,28,0,0,12,0,0,0,10,12,12,12,10,10,12,15,15,10,10,10,10,12,12,LLLHHH,NNNAAN,Low Achievement,15,0.0012427506213753107,Declining Performer
SIPA265,16,5,15,0,10,0,11,10,20,23,0,0,20,15,15,15,20,20,20,20,20,20,20,10,HHHHLL,NNAANN,Low Achievement,25,0.002071251035625518,Emerging Performer
SIPA270,26,23,13,27,10,12,10,12,10,9,20,12,15,12,12,15,20,20,20,20,10,10,15,15,LLLLHH,NNANNN,Low Achievement,15,0.0012427506213753107,Consistently Weak Performer
SIPA271,0,13,0,0,0,0,12,12,0,12,12,0,12,0,0,0,0,0,0,10,10,10,10,10,HHLHHL,AANAAN,Moderate Achievement,15,0.0012427506213753107,Consistently Strong Performer
SIPA273,0,48,71,25,32,3,21,29,0,21,0,29,20,15,20,30,35,30,20,20,35,35,35,22,LLLHLH,AANNNA,Moderate Achievement,35,0.002899751449875725,Declining Performer
SIPA274,25,23,25,16,13,0,15,18,11,11,13,0,20,12,12,15,20,20,15,15,20,20,20,12,LHLLHL,NANNNN,Low Achievement,15,0.0012427506213753107,Consistently Weak Performer
SIPA275,0,0,21,12,0,0,0,16,12,13,12,12,25,20,20,20,20,20,15,15,10,10,12,12,LHHHHH,NAAAAA,High Achievement,20,0.0016570008285004142,Consistently Strong Performer
SIPA276,5,0,23,0,0,15,11,10,11,8,6,0,15,10,12,15,15,15,10,10,10,10,12,12,HHHHLL,ANANNN,Low Achievement,15,0.0012427506213753107,Emerging Performer
SIPA278,0,11,0,10,12,12,12,10,10,10,0,9,12,5,10,12,12,12,10,10,10,10,12,12,HHHLLL,ANAANN,Moderate Achievement,15,0.0012427506213753107,Fluctuating Performer
SIPA282,29,24,50,29,26,20,18,46,52,24,22,20,50,40,45,50,45,40,50,50,50,50,50,30,LHHLLL,NNANNN,Low Achievement,25,0.002071251035625518,Consistently Weak Performer
SIPA287,0,11,13,12,0,0,13,12,11,12,0,0,12,10,10,12,12,12,10,10,10,10,12,12,HHHHLL,AAAANN,Moderate Achievement,15,0.0012427506213753107,Consistently Strong Performer
SIPA291,0,30,0,24,0,0,25,0,25,0,10,0,25,20,20,25,25,25,25,25,20,20,24,20,HLHLHL,ANANNN,Low Achievement,25,0.002071251035625518,Fluctuating Performer
SIPA300,0,0,26,12,0,0,20,0,0,20,0,19,25,15,20,20,25,20,20,20,20,20,24,12,HLLHLH,ANNNNA,Low Achievement,25,0.002071251035625518,Fluctuating Performer
SIPA302,0,0,0,3,3,4,15,12,13,13,12,15,15,15,15,15,15,10,10,10,10,10,12,12,HHHHHH,AAAAAA,High Achievement,20,0.0016570008285004142,Consistently Strong Performer
SIPA308,0,0,13,25,0,14,18,20,0,16,0,32,20,12,12,20,15,20,10,10,10,10,15,12,HHLHLH,AANANA,Moderate Achievement,30,0.0024855012427506215,Consistently Strong Performer
SIPA309,40,40,0,26,41,0,56,0,0,22,34,24,40,30,30,30,40,40,45,45,50,35,40,20,HLLHHH,ANNNNA,Low Achievement,30,0.0024855012427506215,Emerging Performer
SIPA310,12,41,63,9,0,12,27,32,24,20,25,10,25,20,20,24,24,24,30,30,20,20,24,24,HHHHHL,NAAAAN,Moderate Achievement,25,0.002071251035625518,Consistently Strong Performer
SIPA315,12,16,40,12,13,0,14,16,0,22,0,0,12,15,12,20,20,12,15,15,20,10,20,15,LLLHLL,NANANN,Low Achievement,20,0.0016570008285004142,Consistently Weak Performer
SIPA317,12,0,0,13,12,0,14,0,13,12,12,0,25,12,12,12,24,24,15,15,10,10,12,12,HLHHHL,NNAAAN,Moderate Achievement,15,0.0012427506213753107,Emerging Performer
SIPA318,0,17,15,0,25,0,0,8,24,0,0,20,20,15,15,20,25,25,22,22,20,20,20,10,LLHLLH,NNANNA,Low Achievement,25,0.002071251035625518,Consistently Weak Performer
SIPA319,0,0,33,38,13,16,30,36,28,26,60,30,40,30,30,50,60,60,25,25,25,20,30,30,HHHLHL,AAAAAN,High Achievement,50,0.004142502071251036,Consistently Strong Performer
SIPA320,14,26,30,12,0,13,25,0,12,12,12,13,25,25,25,25,30,30,30,30,35,20,24,15,HLLHHH,NNNNNN,No Achievement,15,0.0012427506213753107,Emerging Performer
SIPA321,0,16,8,10,0,9,21,25,20,20,20,15,20,15,15,15,15,15,20,20,20,20,24,24,HHHHHL,AAANNN,Moderate Achievement,25,0.002071251035625518,Emerging Performer
SIPA324,0,6,0,0,0,0,10,10,9,0,10,0,15,5,5,5,5,10,10,10,10,10,10,12,HHHLHL,AANNNN,Low Achievement,15,0.0012427506213753107,Emerging Performer
SIPA329,74,61,86,61,50,25,30,31,34,0,31,30,70,70,70,70,70,70,80,80,80,80,80,40,LLLLHH,NNNNNN,No Achievement,35,0.002899751449875725,Consistently Weak Performer
SIPA330,13,15,30,12,14,13,21,23,12,13,24,11,20,15,15,15,20,20,18,18,20,10,17,17,HHLLHL,AANAAN,Moderate Achievement,20,0.0016570008285004142,Target-Oriented Performer
SIPA331,13,12,28,12,16,14,17,16,0,13,12,13,12,10,12,12,15,15,15,15,20,20,20,12,HLLHLH,AANNNA,Moderate Achievement,15,0.0012427506213753107,Fluctuating Performer
SIPA332,21,12,12,13,12,0,21,13,11,15,10,12,24,12,12,20,24,24,20,20,20,20,24,12,HHLHLH,ANNNNN,Low Achievement,15,0.0012427506213753107,Emerging Performer
SIPA333,33,55,38,41,25,25,30,39,33,26,14,12,30,25,25,30,40,40,40,40,35,35,40,35,LHHLLL,NNNNNN,No Achievement,20,0.0016570008285004142,Consistently Weak Performer
SIPA334,13,20,32,19,12,0,18,11,21,12,0,11,20,20,20,20,24,24,25,25,20,20,20,15,HLHLLH,NNANNN,Low Achievement,20,0.0016570008285004142,Fluctuating Performer
SIPA336,11,19,25,12,0,9,0,24,9,7,0,12,30,20,20,20,30,24,22,22,20,20,24,20,LHLLLH,NANNNN,Low Achievement,25,0.002071251035625518,Consistently Weak Performer
SIPA338,35,0,0,20,0,0,0,12,0,0,0,12,35,25,25,25,30,30,25,25,20,20,24,5,LHLLLH,NNNNNN,No Achievement,0,0.0,Consistently Weak Performer
SIPA339,42,31,45,26,28,26,0,23,20,24,25,28,60,40,40,45,50,50,40,40,50,35,35,24,LLLHHH,NNNNNA,Low Achievement,30,0.0024855012427506215,Declining Performer
SIPA342,12,16,27,15,0,0,11,13,19,16,0,11,20,15,15,15,20,20,20,20,20,20,20,12,LHHHLH,NNNNNN,No Achievement,15,0.0012427506213753107,Emerging Performer
SIPA343,40,48,39,35,23,16,25,40,20,40,20,23,50,50,45,45,50,50,45,45,50,50,50,30,LHLHLL,NNNNNN,No Achievement,30,0.0024855012427506215,Consistently Weak Performer
SIPA344,13,13,11,0,12,0,12,0,0,12,0,0,12,5,5,12,10,10,10,10,10,10,12,12,HLLHLL,ANNANN,Low Achievement,15,0.0012427506213753107,Consistently Weak Performer
SIPA345,22,21,48,10,10,13,25,30,21,13,24,11,20,15,15,20,24,20,20,20,20,20,24,24,HHLLHL,AAANAN,Moderate Achievement,20,0.0016570008285004142,Target-Oriented Performer
SIPA346,0,0,0,0,12,7,26,22,21,37,15,0,12,12,12,12,15,12,10,10,10,10,15,15,HHHHLL,AAAANN,Moderate Achievement,30,0.0024855012427506215,Consistently Strong Performer
SIPA347,26,23,13,13,13,13,26,27,22,23,0,21,30,20,20,20,24,25,30,30,20,20,24,20,HHHHLH,NNAANA,Moderate Achievement,30,0.0024855012427506215,Emerging Performer
SIPA349,20,12,0,0,19,0,13,21,0,0,14,0,25,15,15,15,20,20,20,20,20,20,15,10,HHLLHL,NANNNN,Low Achievement,20,0.0016570008285004142,Fluctuating Performer
SIPA350,0,0,16,0,5,0,0,13,0,0,5,0,15,15,15,20,15,12,10,10,10,10,12,5,LHLLHL,NANNNN,Low Achievement,15,0.0012427506213753107,Consistently Weak Performer
SIPA351,8,0,12,12,0,0,8,0,11,6,0,0,12,10,10,12,12,12,10,10,10,10,12,12,HLHHLL,NNANNN,Low Achievement,15,0.0012427506213753107,Fluctuating Performer
SIPA356,12,13,0,12,12,13,0,0,12,13,13,12,12,5,5,12,12,12,10,10,10,10,10,12,LLHHHH,NNAAAN,Moderate Achievement,15,0.0012427506213753107,Emerging Performer
SIPA357,20,25,0,16,25,0,25,30,0,0,12,0,25,15,15,20,20,20,20,20,20,20,25,12,HHLLLL,AANNNN,Low Achievement,25,0.002071251035625518,Consistently Weak Performer
SIPA361,6,20,27,0,13,0,0,12,24,13,0,11,20,15,15,20,24,20,20,20,20,20,20,20,LHHHLH,NNANNN,Low Achievement,20,0.0016570008285004142,Emerging Performer
SIPA363,31,53,13,48,27,16,41,78,58,72,78,52,50,35,30,35,60,45,40,40,50,50,55,50,HHHHHL,AAAAAA,High Achievement,80,0.006628003314001657,Consistently Strong Performer
SIPA364,25,34,0,25,25,16,25,25,0,24,21,0,20,20,20,25,25,25,25,25,20,20,24,20,HHLHHL,AANANN,Moderate Achievement,30,0.0024855012427506215,Emerging Performer
SIPA367,0,14,25,0,13,0,14,12,14,23,15,12,12,10,12,12,12,12,10,10,10,10,15,15,HHHHHL,AAAANN,Moderate Achievement,20,0.0016570008285004142,Consistently Strong Performer
SIPA368,13,22,23,15,16,0,22,20,18,11,6,13,20,15,15,15,15,15,20,20,20,20,24,15,HHHLLH,AANNNN,Low Achievement,20,0.0016570008285004142,Emerging Performer
SIPA373,0,0,0,41,21,21,30,28,30,0,51,30,50,30,30,40,50,40,25,25,25,20,30,25,HHHLHH,AAANAA,High Achievement,45,0.003728251864125932,Consistently Strong Performer
SIPA375,0,24,15,13,20,12,0,13,12,12,11,11,12,10,12,12,15,15,10,10,10,10,12,12,LLLHLH,NAAANN,Moderate Achievement,15,0.0012427506213753107,Fluctuating Performer
SIPA377,0,16,0,20,0,13,15,14,0,15,15,13,12,10,12,12,12,12,10,10,10,10,12,12,HHLHHH,AANAAA,High Achievement,20,0.0016570008285004142,Consistently Strong Performer
SIPA378,13,0,12,12,13,0,12,13,0,12,0,11,12,10,10,12,12,12,10,10,10,10,10,10,HHLHLH,AANANA,Moderate Achievement,15,0.0012427506213753107,Consistently Strong Performer
SIPA382,10,10,7,0,0,11,9,20,10,13,12,12,12,5,10,12,15,15,10,10,10,10,12,12,HHHHHL,NANANN,Low Achievement,15,0.0012427506213753107,Emerging Performer
SIPA384,15,10,24,7,12,12,10,0,0,13,13,0,10,10,12,15,20,20,15,15,20,10,12,12,LLLHHL,NNNAAN,Low Achievement,15,0.0012427506213753107,Consistently Weak Performer
SIPA385,13,11,0,12,9,0,12,0,11,6,10,0,12,10,12,12,12,12,10,10,10,10,10,12,HLHLHL,ANANAN,Moderate Achievement,15,0.0012427506213753107,Fluctuating Performer
SIPA386,10,13,12,0,11,0,13,13,0,11,13,0,12,10,10,5,10,10,10,10,10,10,12,12,HHLHHL,AANAAN,Moderate Achievement,15,0.0012427506213753107,Consistently Strong Performer
SIPA387,13,0,27,13,0,12,12,13,11,13,12,15,12,10,10,12,10,10,10,10,10,10,15,15,HHLHHH,AAAANA,High Achievement,20,0.0016570008285004142,Consistently Strong Performer
SIPA389,20,21,25,0,24,0,25,20,25,0,16,20,24,20,20,20,25,20,20,20,20,20,25,15,HHHLHH,AAANNA,Moderate Achievement,25,0.002071251035625518,Consistently Strong Performer
SIPA391,51,25,48,30,26,20,29,0,54,0,0,39,50,60,55,50,55,60,60,60,50,50,0,0,LLHLLH,NNANAA,Moderate Achievement,50,0.004142502071251036,Fluctuating Performer
SIPA393,24,24,24,0,12,0,12,12,0,13,12,11,24,24,24,24,24,20,30,30,20,20,24,12,LLLHHH,NNNNNN,No Achievement,15,0.0012427506213753107,Declining Performer
SIPA395,51,77,95,30,49,12,56,25,27,25,26,15,60,60,60,65,70,55,65,65,50,50,55,55,HLLLLL,NNNNNN,No Achievement,25,0.002071251035625518,Consistently Weak Performer
SIPA396,19,33,21,15,25,0,25,25,0,21,20,5,35,25,25,25,30,30,20,20,20,20,25,20,HHLHHL,AANANN,Moderate Achievement,30,0.0024855012427506215,Emerging Performer
SIPA400,38,38,39,12,12,25,39,39,38,25,41,24,25,30,30,30,30,30,35,35,35,35,40,30,HHHLHL,AAANAN,Moderate Achievement,35,0.002899751449875725,Consistently Strong Performer
SIPA402,10,19,10,15,16,0,20,16,21,19,20,20,20,10,12,15,15,15,15,15,20,20,20,20,HHHHHH,AAANNA,Moderate Achievement,25,0.002071251035625518,Consistently Strong Performer
SIPA403,0,12,37,0,12,0,20,13,12,20,12,20,20,10,12,20,24,20,15,15,20,20,20,15,HLLHLH,ANNANA,Moderate Achievement,20,0.0016570008285004142,Fluctuating Performer
SIPA404,25,33,44,23,22,32,36,0,0,0,24,24,24,30,30,30,30,30,35,35,20,20,24,20,HLLLHH,ANNNNA,Low Achievement,35,0.002899751449875725,Declining Performer
SIPA406,25,25,26,0,24,20,0,20,30,0,8,26,26,20,20,20,20,20,25,25,20,20,25,15,LHHLLH,NNANNA,Low Achievement,30,0.0024855012427506215,Fluctuating Performer
SIPA407,0,0,0,12,13,12,13,13,10,10,12,12,15,10,10,12,12,12,10,10,10,10,12,12,HHLLLH,AAAANN,Moderate Achievement,15,0.0012427506213753107,Target-Oriented Performer
SIPA408,0,0,20,21,0,11,13,0,23,20,0,20,25,20,20,20,25,25,20,20,20,20,20,20,HLHHLH,NNANNN,Low Achievement,25,0.002071251035625518,Emerging Performer
SIPA410,0,18,32,0,12,0,14,16,19,21,18,20,17,12,12,15,17,20,15,15,20,20,20,15,HHHHHH,NANANA,Moderate Achievement,25,0.002071251035625518,Emerging Performer
SIPA413,25,25,26,25,12,12,12,27,36,20,49,31,25,24,24,24,30,24,30,30,35,20,24,30,LHHLHH,NNAAAA,Moderate Achievement,40,0.0033140016570008283,Consistently Strong Performer
SIPA414,0,0,0,20,0,15,20,21,13,20,0,26,30,25,25,10,30,15,20,20,20,20,25,12,HHHHLH,AANANA,Moderate Achievement,25,0.002071251035625518,Consistently Strong Performer
SIPA418,61,61,80,65,56,63,57,52,52,50,50,25,60,50,60,90,90,80,50,50,50,50,60,60,LLLLLL,AAAANN,Moderate Achievement,50,0.004142502071251036,Target-Oriented Performer
SIPA419,31,24,48,30,10,14,44,45,30,0,20,25,60,50,50,60,60,60,45,45,50,50,50,30,HHLLLL,NANNNN,Low Achievement,30,0.0024855012427506215,Consistently Weak Performer
SIPA420,6,20,14,0,9,0,16,15,20,20,20,10,12,10,12,12,15,15,15,15,20,20,20,12,HHHHHL,ANNANN,Low Achievement,20,0.0016570008285004142,Emerging Performer
SIPA421,0,0,20,13,18,23,0,0,20,12,0,0,12,15,15,25,15,12,10,10,10,10,15,11,LLHHLL,NNAANN,Low Achievement,20,0.0016570008285004142,Consistently Weak Performer
SIPA422,0,0,0,0,12,0,0,0,0,0,26,0,20,10,10,10,10,12,10,10,10,10,12,10,LLLLHL,NNNNNN,No Achievement,0,0.0,Consistently Weak Performer
SIPA425,0,0,24,74,0,0,32,26,49,67,0,52,30,30,30,60,50,60,25,25,25,50,70,30,HHHHLH,AAAANA,High Achievement,65,0.005385252692626346,Consistently Strong Performer
SIPA426,10,20,41,30,16,16,20,30,41,21,10,10,40,15,15,30,25,25,25,25,35,35,40,30,LHHLLL,NAANNN,Low Achievement,30,0.0024855012427506215,Consistently Weak Performer
SIPA427,14,14,12,11,0,12,14,16,16,22,25,13,12,12,12,12,12,12,15,15,20,20,20,12,HHHHHL,NANAAA,Moderate Achievement,25,0.002071251035625518,Consistently Strong Performer
SIPA428,92,121,104,95,62,91,108,122,114,123,94,91,70,100,100,120,110,110,110,110,110,110,110,110,HHHHLL,NAAANN,Moderate Achievement,110,0.009113504556752278,Emerging Performer
SIPA429,13,0,24,0,0,10,0,6,0,12,0,0,12,10,12,12,12,12,15,15,10,10,12,12,LLLHLL,NNNANN,Low Achievement,15,0.0012427506213753107,Consistently Weak Performer
SIPA430,40,36,15,14,0,31,13,13,31,25,0,20,30,25,25,25,30,30,30,30,35,20,24,20,LLHHLH,NNNANN,Low Achievement,30,0.0024855012427506215,Fluctuating Performer
SIPA431,0,0,20,10,0,0,0,0,11,10,0,15,40,20,20,15,25,10,20,20,20,10,12,12,LLHHLH,NNNANA,Low Achievement,15,0.0012427506213753107,Fluctuating Performer
SIPA432,0,0,0,13,0,0,0,0,2,12,14,2,10,10,10,12,20,12,10,10,10,10,10,12,LLHHHL,NNNAAN,Low Achievement,15,0.0012427506213753107,Fluctuating Performer
SIPA433,7,10,0,13,0,12,0,12,0,10,13,6,6,10,10,10,12,10,10,10,10,10,10,10,LHLHHL,NANAAN,Moderate Achievement,15,0.0012427506213753107,Fluctuating Performer
SIPA434,0,23,0,11,10,3,11,0,0,0,0,12,12,10,12,12,15,15,10,10,10,10,10,10,HLLLLH,ANNNNA,Low Achievement,15,0.0012427506213753107,Consistently Weak Performer
SIPA435,0,0,31,30,0,16,15,26,20,23,0,29,30,30,30,35,30,30,25,25,20,20,25,25,HHHHLH,NAAANA,Moderate Achievement,30,0.0024855012427506215,Consistently Strong Performer
SIPA438,91,81,101,13,53,89,121,122,0,110,103,0,110,100,100,100,100,100,120,120,110,110,110,90,HHLHHL,AANNNN,Low Achievement,115,0.009527754763877383,Emerging Performer
SIPA440,25,30,32,0,31,25,26,0,36,25,0,29,20,20,20,25,25,25,22,22,20,20,25,20,HLHHLH,ANAANA,Moderate Achievement,35,0.002899751449875725,Consistently Strong Performer
SIPA441,0,12,10,12,16,12,15,15,21,0,11,12,12,10,10,12,15,15,15,15,20,20,20,15,HHHLLL,AAANNN,Moderate Achievement,20,0.0016570008285004142,Momentum Gainer
SIPA442,0,0,0,12,0,13,0,0,11,12,0,13,12,0,0,12,12,12,10,10,10,10,12,12,LLHHLH,NNAANA,Moderate Achievement,15,0.0012427506213753107,Fluctuating Performer
SIPA443,0,12,0,0,0,0,12,12,0,0,0,5,12,10,12,12,12,12,10,10,10,10,10,5,HHLLLH,NNNNNN,No Achievement,0,0.0,Declining Performer
SIPA444,13,17,21,12,0,0,14,15,16,14,0,12,24,15,15,15,20,20,20,20,20,20,20,20,HHHHLH,NNNNNN,No Achievement,15,0.0012427506213753107,Emerging Performer
SIPA445,12,12,20,20,19,21,12,22,13,19,20,20,20,20,20,20,20,20,20,20,35,20,20,20,LHLHHH,NANNNN,Low Achievement,25,0.002071251035625518,Emerging Performer
SIPA446,51,60,67,45,33,43,50,52,51,55,55,30,40,30,40,45,50,50,50,50,50,50,50,50,HHHHHL,AAAAAN,High Achievement,60,0.004971002485501243,Consistently Strong Performer
SIPA447,43,20,16,15,30,0,19,0,20,12,14,19,15,15,15,15,20,20,20,20,20,20,20,15,HLHLLH,NNANNA,Low Achievement,20,0.0016570008285004142,Fluctuating Performer
SIPA448,14,13,14,17,15,16,20,0,19,20,11,0,12,12,12,12,12,12,15,15,20,20,20,15,HLHHLL,ANNANN,Low Achievement,20,0.0016570008285004142,Fluctuating Performer
SIPA451,0,0,50,33,0,10,40,40,24,77,31,50,60,40,40,60,60,70,40,40,40,40,60,35,HHLHLH,AANANA,Moderate Achievement,60,0.004971002485501243,Consistently Strong Performer
SIPA452,11,0,23,16,5,4,10,0,19,12,12,11,20,15,15,15,20,20,15,15,20,10,12,12,HLHHHH,NNNANN,Low Achievement,15,0.0012427506213753107,Emerging Performer
SIPA454,43,30,42,21,26,25,50,56,0,20,30,30,40,40,40,40,40,40,50,50,50,20,30,30,HHLLHL,AANNAN,Moderate Achievement,35,0.002899751449875725,Fluctuating Performer
SIPA458,0,0,,,,,,,,,,2,12,0,0,0,0,0,0,0,0,0,0,5,HHHHHH,AAAAAN,High Achievement,0,0.0,Consistently Strong Performer
SIPA459,0,0,5,0,0,0,0,0,0,0,0,11,12,0,5,12,10,5,10,10,10,10,12,0,LLLHHH,NNNNNA,Low Achievement,0,0.0,Declining Performer
SIPA460,0,9,0,0,6,0,0,5,0,2,0,0,6,0,0,6,6,6,10,10,10,10,10,10,LHLHLL,NNNNNN,No Achievement,0,0.0,Consistently Weak Performer
SIPA461,10,23,15,24,14,0,25,14,0,24,25,14,5,10,10,15,15,15,10,10,10,10,15,15,HLLHHL,AANAAN,Moderate Achievement,25,0.002071251035625518,Target-Oriented Performer
SIPA463,9,10,10,9,4,10,9,14,10,12,13,12,15,10,10,12,12,12,10,10,10,10,10,10,HHHHHH,NAAAAA,High Achievement,20,0.0016570008285004142,Consistently Strong Performer
SIPA464,0,0,0,0,12,0,0,0,0,12,0,0,20,10,10,15,20,12,0,10,10,10,10,10,LLLHLL,ANNNNN,Low Achievement,0,0.0,Consistently Weak Performer
SIPA465,35,40,36,42,25,20,20,0,42,40,34,20,30,30,24,30,40,24,25,25,35,20,30,30,LLHHHL,NNAAAN,Moderate Achievement,40,0.0033140016570008283,Momentum Gainer
SIPA467,6,7,10,8,16,0,10,10,12,11,0,5,6,10,10,10,10,10,10,10,10,10,10,10,HHHHLL,NAAANN,Moderate Achievement,15,0.0012427506213753107,Emerging Performer
SIPA468,11,12,0,13,0,0,0,0,0,10,0,0,12,5,5,12,12,12,10,10,10,10,12,12,LLLHLL,NNNNNN,No Achievement,0,0.0,Consistently Weak Performer
SIPA469,0,0,0,0,25,30,51,0,35,36,35,24,0,0,0,0,0,20,20,20,35,35,35,25,HLHHHL,ANAANN,Moderate Achievement,40,0.0033140016570008283,Emerging Performer
SIPA470,0,41,30,30,35,0,0,0,0,0,34,0,25,20,20,30,25,25,20,20,35,35,25,10,LLLLHL,NNNNAN,Low Achievement,40,0.0033140016570008283,Consistently Weak Performer
SIPA471,13,0,5,5,0,0,5,12,0,18,10,10,6,10,10,10,12,10,10,10,10,10,10,10,HHLHHH,NANAAA,Moderate Achievement,15,0.0012427506213753107,Consistently Strong Performer
SIPA472,25,26,0,25,25,0,0,0,25,36,0,0,25,15,20,25,25,25,20,20,20,20,20,12,LLHHLL,NNAANN,Low Achievement,35,0.002899751449875725,Consistently Weak Performer
SIPA473,20,53,37,0,24,0,20,23,21,19,21,21,25,20,20,24,25,25,20,20,20,20,20,20,LHHHHH,NAANAA,Moderate Achievement,25,0.002071251035625518,Consistently Strong Performer
SIPA474,19,21,31,20,20,20,16,20,20,19,25,12,20,20,20,20,20,20,15,15,20,20,24,20,LLLHHL,AAANAN,Moderate Achievement,25,0.002071251035625518,Target-Oriented Performer
SIPA475,0,6,5,0,0,5,10,11,0,0,11,12,6,5,5,7,7,7,10,10,10,10,10,5,HHLLHH,AANNAA,Moderate Achievement,15,0.0012427506213753107,Consistently Strong Performer
SIPA477,0,0,12,30,0,12,0,35,30,41,20,20,15,10,10,20,20,25,10,10,10,10,20,20,LHHHHL,NAAANA,Moderate Achievement,35,0.002899751449875725,Consistently Strong Performer
SIPA478,0,37,0,30,34,0,0,0,32,0,35,0,25,15,20,30,25,25,20,20,35,35,25,15,LLHLHL,NNNNAN,Low Achievement,40,0.0033140016570008283,Consistently Weak Performer
SIPA479,13,14,0,0,12,0,13,0,0,0,11,0,5,10,10,15,15,15,10,10,10,10,10,10,LLLLHL,NNNNNN,No Achievement,0,0.0,Consistently Weak Performer
SIPA480,7,0,0,8,0,0,9,0,0,12,0,10,6,5,5,6,6,6,10,10,10,10,10,10,HLLHLH,NNNANN,Low Achievement,15,0.0012427506213753107,Fluctuating Performer
SIPA481,33,0,16,0,20,0,13,12,0,10,0,12,20,12,12,15,20,20,10,10,10,10,12,12,HHLHLH,AANANA,Moderate Achievement,15,0.0012427506213753107,Consistently Strong Performer
SIPA485,11,0,12,0,8,8,0,11,0,11,10,10,6,5,5,6,6,6,10,10,10,10,10,12,LHLHHH,NANANN,Low Achievement,15,0.0012427506213753107,Emerging Performer
SIPA487,14,24,19,25,0,22,20,0,0,11,0,12,26,20,20,25,20,20,15,15,20,20,20,12,HLLHLH,ANNNNN,Low Achievement,20,0.0016570008285004142,Fluctuating Performer
SIPA488,0,0,6,0,0,0,0,0,5,0,11,9,6,0,6,6,6,6,10,10,10,10,10,10,LLHLHH,NNNNAN,Low Achievement,15,0.0012427506213753107,Fluctuating Performer
SIPA489,15,13,20,20,20,20,20,20,22,0,20,19,20,15,15,20,20,20,10,10,20,20,20,20,HHHLHL,AAANAN,Moderate Achievement,25,0.002071251035625518,Consistently Strong Performer
SIPA490,0,25,0,20,0,19,20,0,0,20,0,0,20,10,15,20,20,25,15,15,20,20,20,12,HLLHLL,ANNANN,Low Achievement,25,0.002071251035625518,Consistently Weak Performer
SIPA491,3,4,11,5,4,3,2,6,10,0,12,0,12,5,5,10,10,10,10,10,10,10,12,12,LHHLHL,NNNNAN,Low Achievement,15,0.0012427506213753107,Fluctuating Performer
SIPA496,0,7,13,0,12,0,18,17,20,0,13,7,12,5,5,10,12,12,12,12,20,20,20,12,HHHLHL,AAANNN,Moderate Achievement,20,0.0016570008285004142,Emerging Performer
SIPA497,0,0,10,0,0,5,0,0,6,0,12,0,10,10,10,10,10,12,10,10,10,10,10,10,LLHLHL,NNNNAN,Low Achievement,15,0.0012427506213753107,Consistently Weak Performer
SIPA499,14,21,30,19,18,15,23,36,24,13,14,25,24,15,15,12,12,15,10,10,10,10,25,25,HHHLLH,AAAANN,Moderate Achievement,20,0.0016570008285004142,Consistently Strong Performer
SIPA502,0,6,7,5,5,6,12,14,10,10,0,0,6,5,5,6,6,6,12,12,10,10,10,10,HHHHLL,AANANN,Moderate Achievement,15,0.0012427506213753107,Emerging Performer
SIPA504,0,10,0,15,0,10,12,0,0,0,12,0,8,10,10,10,12,12,10,10,10,10,12,10,HLLLHL,ANNNAN,Low Achievement,15,0.0012427506213753107,Consistently Weak Performer
SIPA508,11,0,4,0,6,6,11,11,10,0,10,5,6,5,5,5,5,5,12,12,10,10,10,10,HHHLHL,NNANAN,Low Achievement,15,0.0012427506213753107,Emerging Performer
SIPA514,0,10,13,0,0,0,11,0,10,0,10,0,10,5,5,5,5,5,10,10,10,10,10,10,HLHLHL,ANANNN,Low Achievement,15,0.0012427506213753107,Fluctuating Performer
SIPA515,25,16,17,21,0,21,12,13,11,0,12,12,12,15,12,20,24,24,10,10,10,10,12,12,LLLLHH,AAANAA,High Achievement,15,0.0012427506213753107,Target-Oriented Performer
SIPA516,16,13,15,11,12,0,12,12,30,16,17,15,6,8,8,10,12,12,10,10,10,10,15,15,HHHHHH,AAAAAN,High Achievement,20,0.0016570008285004142,Consistently Strong Performer
SIPA518,11,6,21,0,0,7,0,8,0,9,10,0,6,10,10,7,7,7,10,10,10,10,10,10,LHLHHL,NNNNNN,No Achievement,0,0.0,Fluctuating Performer
SIPA519,5,3,10,5,0,0,5,0,0,4,0,0,5,5,5,5,5,5,10,10,10,10,12,12,HLLHLL,NNNNNN,No Achievement,0,0.0,Consistently Weak Performer
SIPA521,0,6,0,5,6,8,10,9,0,5,9,0,10,5,5,6,6,6,10,10,10,10,10,10,HHLLHL,ANNNNN,Low Achievement,15,0.0012427506213753107,Fluctuating Performer
SIPA522,0,0,0,12,0,13,27,28,29,23,25,25,15,20,20,12,20,12,20,20,20,20,25,25,HHHHHH,AAAAAA,High Achievement,35,0.002899751449875725,Consistently Strong Performer
SIPA523,0,0,0,12,10,5,16,21,13,3,0,2,10,12,12,12,10,12,10,10,10,10,12,12,HHHLLL,AAANNN,Moderate Achievement,20,0.0016570008285004142,Momentum Gainer
SIPA524,0,0,5,5,0,0,10,10,0,11,7,10,5,5,5,5,5,5,10,10,10,10,10,10,HHLHHH,ANNANN,Low Achievement,15,0.0012427506213753107,Emerging Performer
SIPA525,22,10,0,20,0,19,12,20,0,13,12,12,5,12,12,12,20,20,12,12,20,20,20,12,HHLHHL,AANNNN,Low Achievement,15,0.0012427506213753107,Emerging Performer
SIPA528,0,0,0,0,0,0,0,0,0,0,11,0,10,0,0,0,0,0,0,0,0,0,0,0,HHHHHL,AAAAAA,High Achievement,0,0.0,Consistently Strong Performer
SIPA536,12,0,12,0,0,0,12,12,12,11,12,12,10,6,6,6,6,6,10,10,10,10,12,12,HHHHHH,AAAANA,High Achievement,15,0.0012427506213753107,Consistently Strong Performer
SIPA538,0,7,0,0,0,6,7,0,0,11,0,10,0,5,5,5,5,5,10,10,10,10,10,10,HLLHLH,NNNANN,Low Achievement,15,0.0012427506213753107,Fluctuating Performer
SIPT001,25,29,52,42,51,40,35,30,51,30,0,30,50,30,35,40,50,40,45,45,50,50,50,30,LLHLLL,NNANNN,Low Achievement,40,0.0033140016570008283,Consistently Weak Performer
SIPT008,44,97,112,67,73,74,87,85,68,31,64,45,125,80,80,100,100,100,100,100,110,110,80,60,HLLLLL,NNNNNN,No Achievement,50,0.004142502071251036,Consistently Weak Performer
SIPT010,25,39,51,68,42,48,42,20,50,51,35,30,50,30,35,40,50,40,40,40,50,50,50,30,LLHHLL,ANNANA,Moderate Achievement,45,0.003728251864125932,Fluctuating Performer
SIPT014,109,99,105,124,84,84,87,81,43,71,100,52,150,120,120,120,130,130,150,150,150,150,100,100,LLLLHL,NNNNNN,No Achievement,75,0.006213753106876553,Consistently Weak Performer
SIPT017,0,0,0,0,0,0,0,0,0,0,14,29,0,0,0,0,0,0,0,0,0,0,10,10,HHHHHH,AAAANN,Moderate Achievement,0,0.0,Consistently Strong Performer
SIPT020,26,9,26,25,25,20,30,30,20,0,20,20,40,20,20,20,20,20,30,30,30,30,30,20,HHLLLL,ANNNNN,Low Achievement,25,0.002071251035625518,Consistently Weak Performer
SIPT026,15,35,26,25,27,29,38,30,41,39,50,49,50,25,25,25,40,40,30,30,30,30,35,40,HLHHHH,ANAAAA,High Achievement,55,0.004556752278376139,Consistently Strong Performer
SIPT031,36,26,40,60,58,32,59,51,37,50,54,59,70,45,50,50,60,60,50,50,50,50,50,60,HHLHHH,AANNAN,Moderate Achievement,60,0.004971002485501243,Emerging Performer
SIPT035,69,55,54,40,43,40,36,37,26,15,35,45,80,40,50,60,60,60,60,60,60,60,60,40,LLLLHH,NNNNNA,Low Achievement,35,0.002899751449875725,Consistently Weak Performer
SIPT042,10,22,13,40,15,25,12,33,0,18,18,44,40,25,20,20,20,20,30,30,30,30,30,25,LHLLHH,NANNNA,Low Achievement,30,0.0024855012427506215,Fluctuating Performer
SIPT044,20,42,27,51,10,21,50,52,28,16,27,14,40,40,50,50,50,40,50,50,50,50,50,30,HHLLLL,NANNNN,Low Achievement,25,0.002071251035625518,Consistently Weak Performer
SIPT047,79,72,78,84,81,81,74,76,52,40,62,42,140,80,120,120,120,120,110,110,110,110,110,90,LLLLLL,NNNNNN,No Achievement,50,0.004142502071251036,Consistently Weak Performer
SIPT056,61,61,0,72,61,31,61,60,50,51,26,40,75,60,60,60,60,60,60,60,50,50,50,50,HHHLLL,AAAANN,Moderate Achievement,45,0.003728251864125932,Target-Oriented Performer
SIPT061,10,0,0,0,0,0,0,0,0,0,12,0,0,0,0,10,10,0,0,0,0,0,0,0,LHHHHL,AAAAAA,High Achievement,0,0.0,Consistently Strong Performer
SIPT067,27,18,58,20,19,20,27,12,16,31,30,12,25,20,25,25,25,20,30,30,20,20,25,25,LLLHHL,NNNAAN,Low Achievement,30,0.0024855012427506215,Consistently Weak Performer
SIPT071,0,14,0,13,16,0,0,15,15,10,0,10,20,0,10,20,15,10,10,10,10,10,10,10,LHHHLH,NAANNA,Moderate Achievement,15,0.0012427506213753107,Emerging Performer
SIPT077,25,20,30,11,0,10,0,20,25,0,0,12,25,15,15,20,20,20,20,20,20,20,20,20,LHHLLH,NNANNN,Low Achievement,25,0.002071251035625518,Fluctuating Performer
SIPT080,0,10,50,15,20,0,23,23,0,20,9,0,20,20,20,20,20,10,22,22,20,20,25,20,HHLHLL,AANANN,Moderate Achievement,30,0.0024855012427506215,Fluctuating Performer
SIPT083,10,35,44,46,25,24,31,32,35,36,36,10,30,25,25,25,25,25,30,30,35,35,35,30,HLHHHL,AANAAN,Moderate Achievement,40,0.0033140016570008283,Consistently Strong Performer
SIPT089,0,10,0,20,11,0,0,13,0,0,11,0,20,10,10,10,10,10,10,10,10,10,10,15,LHLLHL,NANNAN,Low Achievement,15,0.0012427506213753107,Consistently Weak Performer
SIPT090,22,18,6,0,19,0,11,11,10,12,11,10,25,15,15,15,15,15,20,20,10,10,10,10,HHHHHH,NNAAAN,Moderate Achievement,15,0.0012427506213753107,Emerging Performer
SIPT092,0,23,48,35,39,0,35,15,17,17,34,24,45,35,25,30,40,30,40,40,35,35,35,25,HLLLHH,NNNNNN,No Achievement,25,0.002071251035625518,Declining Performer
SIPT095,21,0,17,26,20,17,22,13,20,19,14,0,30,20,15,15,20,20,25,25,20,20,20,20,HLHLLL,NNANNN,Low Achievement,25,0.002071251035625518,Consistently Weak Performer
SIPT098,12,27,12,0,25,27,0,10,0,10,10,20,30,20,20,20,20,25,25,25,20,20,20,20,LLLHLH,NNNNNN,No Achievement,15,0.0012427506213753107,Consistently Weak Performer
SIPT099,0,30,40,27,0,11,0,0,20,0,5,0,25,30,30,35,40,30,20,20,20,20,22,20,LLHLLL,NNNNNN,No Achievement,20,0.0016570008285004142,Consistently Weak Performer
SIPT105,20,21,34,37,12,27,0,32,6,10,12,12,20,15,20,20,20,20,20,20,20,20,25,20,LHLLLL,NANNNN,Low Achievement,25,0.002071251035625518,Consistently Weak Performer
SIPT109,32,30,0,30,30,15,31,30,35,0,31,0,30,30,30,30,25,30,30,30,30,30,35,30,HHHLHL,ANANNN,Low Achievement,35,0.002899751449875725,Emerging Performer
SIPT111,31,30,30,30,0,30,41,30,30,10,30,25,30,30,30,30,30,30,40,40,40,40,40,40,HHHLHL,ANNNNN,Low Achievement,35,0.002899751449875725,Emerging Performer
SIPT113,47,39,0,56,75,51,65,25,31,35,24,0,25,30,20,50,40,50,45,45,35,35,40,30,HLLLLL,ANNANN,Low Achievement,35,0.002899751449875725,Consistently Weak Performer
SIPT116,0,17,18,21,0,0,0,0,0,11,0,0,30,10,15,15,15,20,15,15,10,10,10,10,LLLLLL,NNNNNN,No Achievement,0,0.0,Consistently Weak Performer
SIPT120,10,11,31,0,20,15,20,19,0,0,25,0,30,20,20,25,25,30,20,20,20,20,25,10,HHLLHL,NNNNAN,Low Achievement,25,0.002071251035625518,Fluctuating Performer
SIPT121,35,20,61,38,0,30,41,40,30,40,30,0,35,30,30,40,40,25,40,40,35,35,40,30,HHLHLL,AANANN,Moderate Achievement,40,0.0033140016570008283,Fluctuating Performer
SIPT123,65,75,100,101,91,74,51,0,0,0,50,30,80,80,70,80,90,85,90,90,50,50,50,50,LLLLHH,NNNNNN,No Achievement,45,0.003728251864125932,Consistently Weak Performer
SIPT124,25,25,15,25,0,23,0,0,0,0,0,15,25,20,20,20,25,20,20,20,20,20,20,0,LLLLLH,NNNNNA,Low Achievement,20,0.0016570008285004142,Consistently Weak Performer
SIPT126,13,16,23,37,0,25,25,25,20,20,10,10,25,25,20,20,25,20,25,25,20,20,25,20,HHLLLL,ANAANN,Moderate Achievement,20,0.0016570008285004142,Fluctuating Performer
SIPT127,0,0,0,10,15,0,0,0,10,11,0,0,20,10,10,10,15,10,10,10,10,10,10,10,LLHHLL,NNNANN,Low Achievement,15,0.0012427506213753107,Consistently Weak Performer
SIPT135,0,12,29,22,0,0,10,11,15,10,20,12,40,30,35,35,30,30,25,25,25,25,25,15,LLHHHH,NNNNNN,No Achievement,15,0.0012427506213753107,Emerging Performer
SIPT138,0,11,0,12,0,12,10,20,20,16,8,10,30,10,10,10,10,0,10,10,10,10,20,20,HHHHLL,NAAANN,Moderate Achievement,25,0.002071251035625518,Emerging Performer
SIPT140,56,25,19,41,20,55,25,42,25,16,35,15,50,50,50,50,50,50,55,55,50,50,50,35,LHLLHL,NNNNNN,No Achievement,25,0.002071251035625518,Consistently Weak Performer
SIPT143,30,29,32,0,25,25,25,26,36,52,25,29,30,25,25,25,25,25,25,25,35,35,35,30,HHHHLL,AAAANN,Moderate Achievement,40,0.0033140016570008283,Consistently Strong Performer
SIPT144,10,33,39,15,27,15,12,10,10,13,21,10,25,25,25,25,25,25,30,30,35,35,35,25,LLLLHL,NNNNNN,No Achievement,15,0.0012427506213753107,Consistently Weak Performer
SIPT145,11,0,10,0,9,8,9,0,14,26,0,0,15,10,10,10,15,15,10,10,10,10,10,10,HLHHLL,NNAANN,Low Achievement,25,0.002071251035625518,Fluctuating Performer
SIPT147,33,27,37,24,0,25,12,12,35,26,24,14,25,25,30,25,25,25,30,30,35,35,40,30,LLHHHL,NNNNNN,No Achievement,25,0.002071251035625518,Fluctuating Performer
SIPT149,20,15,10,25,15,10,16,0,0,15,5,19,20,10,15,20,20,15,15,15,20,20,20,20,HLLHLH,ANNNNN,Low Achievement,20,0.0016570008285004142,Fluctuating Performer
SIPT150,51,25,137,0,25,25,0,50,0,51,0,0,75,60,60,60,60,50,80,80,80,35,35,0,LHLHLL,NNNANA,Low Achievement,55,0.004556752278376139,Consistently Weak Performer
SIPT151,10,16,73,50,51,55,22,25,30,41,76,10,100,50,50,50,50,50,85,85,110,80,75,50,LLLHHL,NNNNAN,Low Achievement,55,0.004556752278376139,Consistently Weak Performer
SIPT159,20,35,73,37,24,0,31,0,30,56,40,19,60,50,50,70,50,50,50,50,50,50,40,40,LLHHHL,NNNAAN,Low Achievement,45,0.003728251864125932,Fluctuating Performer
SIPT162,10,23,24,23,10,15,12,15,15,18,0,10,50,25,20,20,20,20,30,30,30,30,30,25,LLLHLL,NNNNNN,No Achievement,20,0.0016570008285004142,Consistently Weak Performer
SIPT164,10,15,0,16,17,15,0,17,17,0,12,13,20,15,15,15,15,15,18,18,20,20,20,13,LHHLHH,NNNNNN,No Achievement,15,0.0012427506213753107,Emerging Performer
SIPT167,0,0,0,0,5,0,8,7,0,10,10,0,10,10,10,10,10,10,10,10,10,10,10,10,HHLHHL,NNNANN,Low Achievement,15,0.0012427506213753107,Emerging Performer
SIPT179,26,0,30,24,0,25,30,0,30,0,39,12,50,40,40,40,40,25,30,30,20,20,25,30,HLHLHL,NNANAN,Low Achievement,35,0.002899751449875725,Fluctuating Performer
SIPT180,0,10,11,12,10,21,19,19,25,10,16,15,20,15,15,15,15,0,20,20,10,10,15,15,HHHLLL,NNAAAN,Moderate Achievement,20,0.0016570008285004142,Momentum Gainer
SIPT185,20,41,20,0,20,21,20,20,21,20,21,0,60,40,50,50,40,30,40,40,35,35,35,25,HHHHHL,NNNNNN,No Achievement,20,0.0016570008285004142,Emerging Performer
SIPT187,35,0,0,30,30,15,0,25,0,20,20,27,35,35,30,30,30,30,25,25,20,20,20,20,LHLHHH,NNNANA,Low Achievement,25,0.002071251035625518,Emerging Performer
SIPT191,25,56,40,40,12,39,33,14,0,24,66,54,60,55,40,40,40,40,55,55,55,55,55,55,LLLHHH,NNNNAN,Low Achievement,55,0.004556752278376139,Declining Performer
SIPT192,0,0,0,0,0,3,14,16,10,4,5,0,20,5,0,0,0,0,10,10,10,10,20,10,HHHLLL,AAANNN,Moderate Achievement,20,0.0016570008285004142,Momentum Gainer
SIPT193,10,20,0,15,20,0,10,20,0,20,21,20,30,15,15,20,20,25,20,20,20,20,22,25,LHLHHH,NNNNNN,No Achievement,20,0.0016570008285004142,Emerging Performer
SIPT194,31,0,15,14,15,10,25,19,47,26,55,38,25,15,15,20,20,25,20,20,20,20,30,40,HHHHHH,ANAAAN,Moderate Achievement,45,0.003728251864125932,Consistently Strong Performer
SIPT195,50,50,51,50,0,25,24,20,0,0,30,25,75,50,60,60,50,50,60,60,50,50,30,22,LLLLHH,NNNNNA,Low Achievement,30,0.0024855012427506215,Consistently Weak Performer
SIPT197,20,30,25,25,25,25,25,0,20,21,23,25,20,20,25,25,25,25,25,25,20,20,22,20,LLLHHH,NNAAAA,Moderate Achievement,30,0.0024855012427506215,Target-Oriented Performer
SIPT198,0,60,0,36,31,30,38,0,0,9,15,22,30,30,30,40,40,50,45,45,35,35,35,15,HLLLLH,NNNNNA,Low Achievement,30,0.0024855012427506215,Consistently Weak Performer
SIPT201,37,23,16,0,31,0,25,20,25,21,22,26,35,30,30,30,20,20,20,20,20,20,20,20,HHHHHH,AAAAAA,High Achievement,30,0.0024855012427506215,Consistently Strong Performer
SIPT202,0,0,25,21,25,21,27,26,22,20,16,20,35,25,20,20,25,20,30,30,20,20,25,20,HHLLLL,NNAANN,Low Achievement,25,0.002071251035625518,Consistently Weak Performer
SIPT205,61,101,54,104,53,61,51,69,69,94,71,68,120,80,100,100,100,70,75,75,75,75,75,70,LHHHHL,NNNANN,Low Achievement,85,0.007042253521126761,Emerging Performer
SIPT206,0,20,0,15,11,10,15,0,0,10,22,15,40,25,25,25,25,20,25,25,20,20,20,20,HLLHHH,NNNNAN,Low Achievement,20,0.0016570008285004142,Emerging Performer
SIPT207,0,10,0,0,12,0,15,12,4,0,0,10,20,10,10,10,10,10,10,10,10,10,10,10,HHLLLH,AANNNN,Low Achievement,20,0.0016570008285004142,Declining Performer
SIPT209,16,25,49,25,21,20,26,15,20,21,25,23,30,25,25,25,20,20,30,30,20,20,25,20,LLLLHH,NNNAAA,Moderate Achievement,30,0.0024855012427506215,Declining Performer
SIPT210,21,24,57,39,29,26,10,27,31,35,36,21,30,25,25,25,25,25,30,30,20,20,35,30,LLHHHL,NNAAAN,Moderate Achievement,35,0.002899751449875725,Momentum Gainer
SIPT211,54,56,30,29,30,25,23,53,50,31,30,50,60,50,50,60,60,50,60,60,50,50,50,50,LHHLLH,NNANNN,Low Achievement,40,0.0033140016570008283,Fluctuating Performer
SIPT213,36,16,0,27,0,14,26,25,20,0,25,0,30,25,25,25,25,25,25,25,25,25,25,25,HHHLHL,AANNAN,Moderate Achievement,30,0.0024855012427506215,Emerging Performer
SIPT214,65,51,20,49,21,30,50,46,50,50,25,0,60,40,40,50,40,30,45,45,50,50,50,40,HHHHLL,AAAANN,Moderate Achievement,50,0.004142502071251036,Consistently Strong Performer
SIPT217,28,24,55,50,53,26,53,52,25,26,24,25,0,70,50,65,65,65,80,80,80,80,80,50,HHLLLL,NNNNNN,No Achievement,25,0.002071251035625518,Consistently Weak Performer
SIPT220,21,22,13,0,20,0,21,22,23,20,25,19,20,20,20,20,20,20,22,22,20,20,25,20,HHHHHH,NNAAAN,Moderate Achievement,25,0.002071251035625518,Emerging Performer
SIPT221,13,10,10,20,15,0,13,0,10,10,10,0,12,10,15,15,15,15,10,10,10,10,10,10,HLHHHL,ANANAN,Moderate Achievement,15,0.0012427506213753107,Emerging Performer
SIPT222,20,0,0,0,30,0,0,0,0,0,10,0,20,15,15,15,0,0,0,0,0,0,0,0,LLLLLL,AAAAAA,High Achievement,0,0.0,Target-Oriented Performer
SIPT231,21,0,0,0,20,0,0,20,0,0,11,10,0,10,10,0,10,10,10,10,10,10,10,0,LHLLHH,NANNAA,Moderate Achievement,20,0.0016570008285004142,Fluctuating Performer
SIPT234,16,21,0,31,21,18,7,20,20,20,10,0,15,15,20,20,20,20,20,20,20,20,20,20,LHHHLL,NNAANN,Low Achievement,20,0.0016570008285004142,Fluctuating Performer
SIPT235,0,11,15,0,10,6,10,10,10,10,10,10,10,10,15,10,10,10,10,10,10,10,10,10,HHHHHH,ANAAAN,Moderate Achievement,15,0.0012427506213753107,Consistently Strong Performer
SIPT236,12,0,15,11,15,12,0,10,0,12,0,0,20,15,15,15,15,15,15,15,10,10,15,10,LHLHLL,NNNANN,Low Achievement,15,0.0012427506213753107,Consistently Weak Performer
SIPT239,53,63,51,51,43,36,51,15,51,53,103,75,60,35,40,50,50,35,50,50,50,50,50,50,HLHHHH,ANAAAA,High Achievement,70,0.00579950289975145,Consistently Strong Performer
SIPT245,0,25,52,24,20,40,70,71,50,50,51,40,55,50,50,50,60,40,70,70,50,50,50,50,HHHHHL,AAANAN,Moderate Achievement,55,0.004556752278376139,Consistently Strong Performer
SIPT246,25,26,40,10,25,0,32,30,25,52,51,27,25,25,25,25,25,25,30,30,50,50,50,25,HHHHHL,AANAAA,High Achievement,55,0.004556752278376139,Consistently Strong Performer
SIPT252,23,0,39,0,21,12,10,9,22,11,0,0,25,25,30,30,30,30,30,30,30,30,30,20,LLHLLL,NNNNNN,No Achievement,15,0.0012427506213753107,Consistently Weak Performer
SIPT255,15,0,35,0,10,2,0,0,8,15,11,6,15,15,15,15,20,20,10,10,10,10,10,10,LLLHHH,NNNAAN,Low Achievement,15,0.0012427506213753107,Declining Performer
SIPT257,16,16,50,26,0,24,23,0,10,19,20,22,30,25,30,20,25,25,25,25,20,20,20,20,HLLHHH,NNNNNA,Low Achievement,25,0.002071251035625518,Emerging Performer
SIPT258,13,17,26,12,17,12,0,15,0,10,6,14,20,20,15,15,17,15,20,20,20,20,20,15,LHLHLH,NNNNNN,No Achievement,15,0.0012427506213753107,Fluctuating Performer
SIPT263,30,30,25,30,30,32,31,30,0,30,34,20,30,25,20,30,30,30,30,30,35,35,35,30,HHLHHL,AANNNN,Low Achievement,35,0.002899751449875725,Emerging Performer
SIPT264,7,22,29,22,11,17,18,10,13,31,36,18,35,30,30,30,25,25,35,35,35,35,35,35,LLLHHL,NNNNAN,Low Achievement,35,0.002899751449875725,Consistently Weak Performer
SIPT266,0,37,0,20,26,22,0,30,0,35,20,0,55,35,30,20,25,25,30,30,35,35,35,35,LHLHHL,NANANN,Low Achievement,35,0.002899751449875725,Fluctuating Performer
SIPT267,21,20,21,30,25,25,26,0,20,10,10,0,20,20,20,20,25,25,30,30,20,20,20,20,HLLLLL,NNANNN,Low Achievement,25,0.002071251035625518,Consistently Weak Performer
SIPT269,0,21,15,0,0,14,16,0,0,14,0,0,15,15,20,20,25,10,17,17,20,20,20,20,HLLHLL,NNNNNN,No Achievement,15,0.0012427506213753107,Consistently Weak Performer
SIPT273,21,20,25,20,26,24,25,25,20,21,23,20,30,20,25,25,25,20,25,25,20,20,22,20,HHLLLL,NNAAAN,Moderate Achievement,25,0.002071251035625518,Fluctuating Performer
SIPT274,26,33,0,10,20,22,30,32,25,17,0,24,25,25,30,25,25,20,30,30,50,50,50,25,HHHLLH,AANNNN,Low Achievement,25,0.002071251035625518,Emerging Performer
SIPT275,26,25,0,0,28,20,28,0,14,20,43,33,25,20,25,25,25,20,25,25,20,20,20,20,HLHHHH,ANNAAA,Moderate Achievement,40,0.0033140016570008283,Consistently Strong Performer
SIPT276,21,21,31,12,14,10,18,20,21,20,20,19,20,20,25,25,20,20,20,20,20,20,20,25,LHHHHH,NNANAN,Low Achievement,25,0.002071251035625518,Emerging Performer
SIPT277,0,5,0,0,10,0,0,5,0,6,0,0,20,10,10,10,10,10,10,10,10,10,10,10,LHLHLL,NNNNNN,No Achievement,0,0.0,Consistently Weak Performer
SIPT283,34,22,10,10,11,11,28,20,21,10,15,0,25,30,20,20,15,10,20,20,10,10,15,15,HHHLLL,AAAANN,Moderate Achievement,20,0.0016570008285004142,Target-Oriented Performer
SIPT284,0,10,10,0,12,0,0,6,0,5,0,0,10,10,10,10,10,10,10,10,10,10,10,10,LHLHLL,NNNNNN,No Achievement,0,0.0,Consistently Weak Performer
SIPT285,0,12,10,16,0,11,0,0,14,0,10,0,25,12,12,15,15,10,10,10,10,10,10,10,LLHLHL,NNANNN,Low Achievement,20,0.0016570008285004142,Consistently Weak Performer
SIPT286,0,21,15,20,15,10,0,0,20,23,15,20,20,15,15,20,20,20,20,20,20,20,20,20,LLHHHH,NNAANA,Moderate Achievement,25,0.002071251035625518,Emerging Performer
SIPT287,0,10,10,10,0,10,0,10,10,10,11,0,10,10,20,10,10,10,10,10,10,10,10,10,LHHHHL,NAANAN,Moderate Achievement,15,0.0012427506213753107,Emerging Performer
SIPT288,18,21,18,24,0,21,8,10,0,0,10,0,20,15,20,20,20,20,10,10,10,10,10,10,LLLLHL,NNNNAN,Low Achievement,15,0.0012427506213753107,Consistently Weak Performer
SIPT289,13,10,22,21,0,9,10,0,0,0,11,16,15,10,10,10,10,15,10,10,10,10,10,10,LLLLHH,ANNNAA,Moderate Achievement,15,0.0012427506213753107,Declining Performer
SIPT290,27,33,48,50,44,47,29,36,30,36,35,35,20,25,20,20,30,30,30,30,30,30,40,40,LLLLLL,NAAANN,Moderate Achievement,40,0.0033140016570008283,Fluctuating Performer
SIPT291,25,28,17,33,20,22,20,0,25,23,20,0,25,20,20,25,20,20,25,25,20,20,24,20,LLHHHL,NNAANN,Low Achievement,30,0.0024855012427506215,Fluctuating Performer
SIPT293,10,0,0,12,0,12,0,11,0,10,0,10,20,10,10,10,10,12,10,10,10,10,10,10,LHLHLH,NANANN,Low Achievement,15,0.0012427506213753107,Fluctuating Performer
SIPT294,10,16,30,15,15,15,16,15,20,20,20,14,15,12,10,15,15,15,15,15,20,20,20,15,LLHHHL,AAANNN,Moderate Achievement,25,0.002071251035625518,Momentum Gainer
SIPT295,16,31,17,12,0,19,15,28,3,0,15,15,20,15,20,20,20,20,20,20,20,20,20,15,LHLLHH,NANNNA,Low Achievement,25,0.002071251035625518,Fluctuating Performer
SIPT297,10,10,0,10,0,10,0,0,0,0,9,0,10,10,15,10,10,10,10,10,10,10,10,10,LLLLHL,NNNNNN,No Achievement,0,0.0,Consistently Weak Performer
SIPT299,61,86,31,61,60,50,75,71,30,50,30,60,80,55,0,50,60,50,70,70,80,80,80,60,HHLLLH,AANNNN,Low Achievement,55,0.004556752278376139,Declining Performer
SIPT301,11,0,15,0,0,10,12,15,0,24,0,10,10,10,10,15,10,10,10,10,10,10,10,10,HHLHLL,AANANN,Moderate Achievement,20,0.0016570008285004142,Fluctuating Performer
SIPT302,12,20,21,25,15,11,15,15,10,15,15,0,25,15,15,15,15,10,15,15,10,10,15,15,LLLLHL,AANANN,Moderate Achievement,20,0.0016570008285004142,Fluctuating Performer
SIPT303,0,16,0,11,10,0,10,0,0,10,15,0,20,10,10,10,10,10,10,10,10,10,10,10,HLLHHL,NNNAAN,Low Achievement,15,0.0012427506213753107,Fluctuating Performer
SIPT304,30,10,8,1,9,0,0,11,17,0,6,22,30,20,20,20,20,20,20,20,20,20,20,20,LHHLHH,NNNNNA,Low Achievement,20,0.0016570008285004142,Emerging Performer
SIPT305,10,10,9,9,0,10,10,10,10,0,0,12,15,10,10,10,10,10,10,10,10,10,10,10,HHHLLH,NANNNA,Low Achievement,15,0.0012427506213753107,Emerging Performer
SIPT306,26,26,63,55,26,26,41,41,23,39,40,25,25,20,20,20,40,40,30,30,30,30,40,50,HHLHHL,AANANN,Moderate Achievement,40,0.0033140016570008283,Emerging Performer
SIPT307,30,30,30,40,26,0,13,20,10,39,30,30,30,30,30,30,25,0,0,10,20,20,22,10,LLLHHH,AANAAA,High Achievement,40,0.0033140016570008283,Target-Oriented Performer
SIPT309,23,26,30,25,0,21,25,15,25,20,19,19,30,25,25,25,25,20,30,30,20,20,25,25,HLHHHL,NNAANN,Low Achievement,25,0.002071251035625518,Emerging Performer
SIPT311,25,23,25,27,20,8,20,17,24,20,20,9,15,15,20,15,20,20,17,17,20,20,20,20,LLHHHL,AAAAAN,High Achievement,30,0.0024855012427506215,Target-Oriented Performer
SIPT313,32,20,40,20,26,25,25,25,20,20,25,24,20,20,25,25,25,25,25,25,20,20,25,25,LLLLHH,AAAAAN,High Achievement,30,0.0024855012427506215,Target-Oriented Performer
SIPT314,12,20,41,20,26,21,15,0,0,20,15,0,20,22,20,20,26,25,30,30,20,20,20,20,LLLHHL,NNNANN,Low Achievement,20,0.0016570008285004142,Consistently Weak Performer
SIPT315,0,11,7,0,0,11,0,9,0,0,0,8,20,10,10,10,10,10,10,10,10,10,10,5,LHLLLH,NNNNNA,Low Achievement,0,0.0,Consistently Weak Performer
SIPT316,0,10,0,10,10,10,0,13,0,10,0,0,25,10,10,10,10,10,10,10,10,10,10,10,LHLHLL,NANNNN,Low Achievement,15,0.0012427506213753107,Consistently Weak Performer
SIPT317,4,12,8,8,0,0,0,0,0,0,4,4,30,10,10,10,10,10,0,0,0,0,0,10,LLLLHH,AAAAAN,High Achievement,0,0.0,Target-Oriented Performer
SIPT318,11,0,0,0,15,20,13,10,11,11,16,16,10,10,15,15,15,20,10,10,10,10,10,10,HHHLHH,AAAAAA,High Achievement,20,0.0016570008285004142,Consistently Strong Performer
SIPT319,12,10,49,19,14,25,26,29,0,20,10,24,35,30,20,30,25,20,30,30,20,20,25,25,HHLHLH,NNNANN,Low Achievement,25,0.002071251035625518,Emerging Performer
SIPT320,0,0,15,16,16,15,15,25,16,25,17,14,20,15,15,15,15,15,10,10,10,10,15,15,HHHHHL,AAAAAN,High Achievement,25,0.002071251035625518,Consistently Strong Performer
SIPT321,30,40,25,40,0,30,40,40,0,10,35,10,30,20,25,30,30,30,40,40,35,35,35,30,HHLLHL,AANNAN,Moderate Achievement,45,0.003728251864125932,Fluctuating Performer
SIPT324,0,0,12,15,17,17,0,16,0,0,17,0,20,0,0,10,10,10,10,10,10,10,10,10,LHLLHL,NANNAN,Low Achievement,20,0.0016570008285004142,Consistently Weak Performer
SIPT325,3,10,6,13,11,18,14,22,14,11,10,0,10,5,10,10,10,10,10,10,10,10,10,10,HHLLLL,AAAANN,Moderate Achievement,20,0.0016570008285004142,Target-Oriented Performer
SIPT326,16,21,34,21,20,22,22,37,22,24,25,24,25,20,20,20,20,20,22,22,20,20,25,25,LHLHHH,NAAANN,Moderate Achievement,30,0.0024855012427506215,Emerging Performer
SIPT329,0,24,15,10,10,11,11,10,10,10,12,12,10,10,15,10,10,10,10,10,10,10,12,10,HLLLHH,ANANNA,Moderate Achievement,15,0.0012427506213753107,Fluctuating Performer
SIPT332,12,20,19,19,0,20,6,11,20,0,22,7,20,20,25,20,20,20,20,20,20,20,20,20,LLHLHL,NNANAN,Low Achievement,20,0.0016570008285004142,Consistently Weak Performer
SIPT333,0,32,0,0,0,0,10,0,0,21,0,19,20,20,25,20,25,20,20,20,20,20,20,20,LLLHLH,NNNNNN,No Achievement,0,0.0,Consistently Weak Performer
SIPT338,12,25,44,40,15,23,31,25,20,24,31,20,20,25,20,20,30,20,35,35,20,20,30,30,HLLLHL,NNAAAN,Moderate Achievement,30,0.0024855012427506215,Fluctuating Performer
SIPT339,10,11,20,10,10,12,15,6,10,12,15,0,25,15,10,10,10,10,15,15,10,10,12,10,HLLHHL,ANAAAN,Moderate Achievement,15,0.0012427506213753107,Target-Oriented Performer
SIPT340,0,26,22,43,24,25,14,16,0,12,0,13,20,10,15,15,20,20,15,15,15,15,20,20,LLLLLH,NANNNN,Low Achievement,20,0.0016570008285004142,Consistently Weak Performer
SIPT341,12,12,0,14,13,0,12,0,0,12,10,0,20,10,10,10,10,10,15,15,10,10,10,10,HLLHHL,NNNANN,Low Achievement,15,0.0012427506213753107,Fluctuating Performer
SIPT342,26,36,59,49,31,26,28,40,67,36,51,57,25,30,40,50,50,50,40,40,40,40,40,50,LHHLHH,NAANAA,Moderate Achievement,55,0.004556752278376139,Consistently Strong Performer
SIPT343,21,20,21,0,26,0,20,0,20,0,20,0,20,20,25,25,20,15,20,20,20,20,20,20,HLHLHL,ANNNNN,Low Achievement,25,0.002071251035625518,Fluctuating Performer
SIPT345,19,16,0,9,10,5,10,0,0,12,0,0,10,10,10,10,10,10,10,10,10,10,10,10,HLLHLL,ANNANN,Low Achievement,15,0.0012427506213753107,Consistently Weak Performer
SIPT346,17,0,19,19,0,20,0,0,20,0,13,12,20,15,15,15,15,15,15,15,20,20,20,15,LLHLHH,NNNNNN,No Achievement,15,0.0012427506213753107,Fluctuating Performer
SIPT347,8,0,0,17,8,13,10,0,0,9,9,27,15,5,10,10,15,15,10,10,10,10,10,10,HLLHHH,ANNNNA,Low Achievement,25,0.002071251035625518,Emerging Performer
SIPT348,10,11,21,10,10,10,25,0,20,0,20,0,20,10,15,20,15,10,10,10,10,10,12,10,HLHLHL,ANANAN,Moderate Achievement,30,0.0024855012427506215,Fluctuating Performer
SIPT352,25,21,25,25,25,18,0,15,0,22,25,10,25,20,25,25,25,20,22,22,20,20,20,20,LLLHHL,NNNAAN,Low Achievement,25,0.002071251035625518,Consistently Weak Performer
SIPT354,0,22,0,10,11,0,12,16,0,11,0,10,20,10,10,10,10,10,10,10,10,10,10,10,HHLHLH,AANANN,Moderate Achievement,15,0.0012427506213753107,Emerging Performer
SIPT355,0,0,12,0,0,14,0,0,10,0,11,0,15,0,0,10,10,0,0,0,0,0,0,10,LLHLHL,AAAAAN,High Achievement,15,0.0012427506213753107,Target-Oriented Performer
SIPT358,54,26,27,26,0,25,38,0,0,0,10,0,50,25,25,25,25,25,40,40,20,20,20,20,HLLLLL,NNNNNN,No Achievement,25,0.002071251035625518,Consistently Weak Performer
SIPT359,30,16,31,45,41,30,45,47,37,36,40,38,30,30,30,30,30,30,45,45,35,35,40,30,HHLLHL,AAAANA,High Achievement,45,0.003728251864125932,Target-Oriented Performer
SIPT364,20,0,17,11,12,8,0,11,0,15,0,0,20,10,0,10,10,10,10,10,10,10,10,10,LHLHLL,NANANN,Low Achievement,15,0.0012427506213753107,Consistently Weak Performer
SIPT366,25,15,33,32,21,0,20,20,10,21,10,0,25,10,15,15,20,20,20,20,20,20,20,20,LHLHLL,AANANN,Moderate Achievement,20,0.0016570008285004142,Fluctuating Performer
SIPT367,10,11,0,10,0,0,0,0,0,0,10,0,20,10,10,10,10,10,10,10,10,10,10,10,LLLLHL,NNNNNN,No Achievement,0,0.0,Consistently Weak Performer
SIPT370,64,79,101,124,39,35,67,74,19,50,70,71,150,75,120,120,150,90,70,70,70,70,70,70,LLLLHH,NANNAA,Moderate Achievement,70,0.00579950289975145,Fluctuating Performer
SIPT372,3,0,0,0,5,0,12,10,0,10,11,0,20,15,15,15,0,0,10,10,10,10,15,15,HHLHHL,ANNNNN,Low Achievement,15,0.0012427506213753107,Emerging Performer
SIPT373,81,40,45,61,40,60,16,49,30,76,69,60,130,55,60,60,80,80,50,50,50,50,50,50,LHLHHH,NNNAAA,Moderate Achievement,75,0.006213753106876553,Emerging Performer
SIPT374,25,76,99,102,100,89,103,105,108,112,110,124,110,100,75,100,100,90,120,120,80,110,110,120,HHHHHH,NNAAAA,Moderate Achievement,125,0.010356255178127589,Consistently Strong Performer
SIPT375,93,74,106,101,101,95,108,106,84,118,105,70,110,100,75,100,100,90,120,120,80,80,100,100,HHLHHL,NNAAAN,Moderate Achievement,110,0.009113504556752278,Emerging Performer
SIPT376,27,20,20,16,23,24,14,25,37,33,35,26,20,20,25,25,25,20,20,20,20,20,22,25,LHHHHL,NAAAAA,High Achievement,40,0.0033140016570008283,Consistently Strong Performer
SIPT378,0,11,0,0,0,0,0,0,10,12,0,10,20,0,10,10,10,10,10,10,10,10,10,10,LLHHLH,NNNNNN,No Achievement,0,0.0,Fluctuating Performer
SIPT379,12,30,33,22,23,16,15,15,21,20,15,20,25,15,20,20,30,15,15,15,20,20,22,20,LLLHLH,AAAANN,Moderate Achievement,25,0.002071251035625518,Target-Oriented Performer
SIPT380,13,0,0,8,0,0,0,0,0,0,0,8,10,5,10,10,10,10,10,10,10,10,10,10,LLLLHH,NNNNNN,No Achievement,0,0.0,Consistently Weak Performer
SIPT381,14,13,13,27,15,25,14,17,13,0,15,15,20,15,15,15,20,20,15,15,15,15,15,15,LLLLHH,NANNNN,Low Achievement,20,0.0016570008285004142,Consistently Weak Performer
SIPT382,0,12,0,15,0,15,0,0,7,13,12,11,15,10,10,15,10,5,10,10,10,10,10,10,LLHHHH,NNNAAA,Moderate Achievement,15,0.0012427506213753107,Emerging Performer
SIPT383,0,0,15,26,0,0,26,10,0,27,54,24,50,15,15,15,20,20,10,10,10,10,15,20,HLLHHH,ANNAAA,Moderate Achievement,40,0.0033140016570008283,Consistently Strong Performer
SIPT385,11,0,0,0,10,12,0,10,10,0,11,13,25,15,10,10,10,10,10,10,10,10,10,10,LHHLHH,NNNNAA,Low Achievement,15,0.0012427506213753107,Emerging Performer
SIPT386,0,0,0,16,0,0,10,0,0,0,3,0,20,0,5,5,10,10,10,10,10,10,10,10,HLLLHL,NNNNNN,No Achievement,0,0.0,Consistently Weak Performer
SIPT387,14,0,8,9,0,7,0,6,8,7,10,0,10,10,10,10,10,10,10,10,10,10,10,10,LHHHHL,NNNNNN,No Achievement,0,0.0,Emerging Performer
SIPT388,10,12,12,11,8,0,0,10,0,11,0,0,10,10,10,10,10,10,10,10,10,10,10,10,LHLHLL,NANANN,Low Achievement,15,0.0012427506213753107,Consistently Weak Performer
SIPT389,30,24,51,31,81,44,29,31,43,43,65,64,30,35,30,30,0,40,30,30,35,35,44,45,LLLLHH,NAAAAA,High Achievement,70,0.00579950289975145,Target-Oriented Performer
SIPT390,10,10,0,10,10,10,0,10,10,20,10,10,10,10,10,10,10,10,10,10,10,10,10,10,LHHHHL,NAAAAN,Moderate Achievement,20,0.0016570008285004142,Consistently Strong Performer
SIPT391,0,0,0,13,11,10,0,0,10,10,10,6,20,10,10,0,0,10,10,10,10,10,10,10,LLHHHL,NNANNN,Low Achievement,15,0.0012427506213753107,Fluctuating Performer
SIPT393,24,23,15,15,0,5,10,10,15,10,0,0,10,20,20,20,20,20,10,10,10,10,12,0,LLHHLL,NAANNA,Moderate Achievement,15,0.0012427506213753107,Fluctuating Performer
SIPT394,0,10,11,9,13,0,10,0,10,10,24,9,10,10,10,10,10,10,10,10,10,10,10,10,HLHHHH,NNAAAN,Moderate Achievement,20,0.0016570008285004142,Emerging Performer
SIPT395,24,10,3,0,6,8,4,4,3,9,0,0,10,10,10,10,10,10,10,10,10,10,10,10,LLLHLL,NNNNNN,No Achievement,0,0.0,Consistently Weak Performer
SIPT397,0,10,0,10,0,6,0,0,0,5,0,9,10,5,10,10,10,10,10,10,10,10,10,10,LLLHLH,NNNNNN,No Achievement,0,0.0,Consistently Weak Performer
SIPT398,35,36,30,30,51,30,30,43,35,38,40,39,25,25,30,30,30,30,30,30,35,35,40,40,LHLHHH,NAAANN,Moderate Achievement,45,0.003728251864125932,Emerging Performer
SIPT399,16,30,21,19,20,21,20,20,0,20,20,0,10,20,25,25,20,20,20,20,20,20,25,20,LLLHHL,ANNANN,Low Achievement,25,0.002071251035625518,Consistently Weak Performer
SIPT400,15,26,20,10,10,10,10,10,11,10,12,11,10,10,10,10,10,10,10,10,10,10,12,10,LLLLHH,AAANNA,Moderate Achievement,15,0.0012427506213753107,Target-Oriented Performer
SIPT403,11,6,8,8,5,6,0,0,0,7,0,7,10,5,5,5,5,5,0,0,0,0,0,5,LLLHLH,AAAAAA,High Achievement,0,0.0,Target-Oriented Performer
SIPT404,0,0,0,6,7,7,10,10,11,0,10,11,10,5,5,5,5,5,10,10,10,10,10,10,HHHLHH,AAANNA,Moderate Achievement,15,0.0012427506213753107,Consistently Strong Performer
SIPT405,10,21,0,10,10,0,0,20,20,15,15,10,20,20,25,25,20,20,0,10,20,20,20,20,LHHHHL,AAANNN,Moderate Achievement,20,0.0016570008285004142,Emerging Performer
SIPT406,15,43,48,50,47,30,33,27,43,33,54,41,10,35,40,40,50,50,30,30,30,30,40,40,LLHLHH,ANAAAA,High Achievement,55,0.004556752278376139,Target-Oriented Performer
SIPT410,10,10,15,10,0,12,10,12,11,10,10,10,10,10,10,10,10,10,10,10,10,10,10,10,HHHHHL,AAANAN,Moderate Achievement,15,0.0012427506213753107,Consistently Strong Performer
SIPT411,0,0,0,6,5,0,0,0,10,10,10,10,10,10,10,10,10,10,10,10,10,10,10,10,LLHHHH,NNANNN,Low Achievement,15,0.0012427506213753107,Emerging Performer
SIPT412,5,5,0,6,5,6,0,0,0,5,10,7,10,10,5,5,5,5,10,10,10,10,10,10,LLLHHH,NNNNNN,No Achievement,0,0.0,Declining Performer
SIPT414,7,0,8,11,0,7,10,10,0,13,0,0,10,0,10,10,10,10,10,10,10,10,10,10,HHLHLL,NNNANN,Low Achievement,15,0.0012427506213753107,Fluctuating Performer
SIPT415,0,0,18,24,0,12,10,11,10,5,11,10,10,0,5,10,10,5,10,10,10,10,10,10,HLLLHL,AANNAN,Moderate Achievement,15,0.0012427506213753107,Fluctuating Performer
SIPT416,0,0,0,0,0,0,0,0,0,10,0,0,5,20,10,10,5,0,0,0,0,0,0,0,HHHHLL,AAAAAA,High Achievement,0,0.0,Consistently Strong Performer
SIPT417,13,0,32,29,26,32,34,19,24,22,17,25,10,5,5,10,20,20,15,15,15,15,25,25,HLLLLH,AAAANA,High Achievement,30,0.0024855012427506215,Target-Oriented Performer
SIPT420,0,6,0,0,6,6,5,6,0,10,11,4,5,5,5,10,10,10,10,10,10,10,10,10,HHLHHL,NNNAAN,Low Achievement,15,0.0012427506213753107,Emerging Performer
SIPT421,0,4,0,0,0,0,15,16,23,10,15,10,10,0,0,10,10,10,10,10,10,10,10,10,HHHHHL,AAAAAN,High Achievement,20,0.0016570008285004142,Consistently Strong Performer
SIPT422,5,0,0,4,0,17,3,6,0,0,5,0,10,5,5,5,5,5,0,10,10,10,10,10,HHLLHL,ANNNNN,Low Achievement,0,0.0,Fluctuating Performer
SIPT423,,10,24,14,19,0,0,0,14,0,0,16,0,5,5,15,15,15,10,10,10,10,10,0,LLHLLH,NNANNA,Low Achievement,20,0.0016570008285004142,Consistently Weak Performer
SIPT425,,10,10,0,22,11,10,10,10,10,17,16,0,10,10,10,10,10,10,10,10,10,10,10,HHHHHH,AANAAA,High Achievement,20,0.0016570008285004142,Consistently Strong Performer
SIPT427,,6,0,0,10,10,0,11,10,0,10,10,0,5,10,10,10,10,10,10,10,10,10,10,LHHLHH,NANNAN,Low Achievement,15,0.0012427506213753107,Emerging Performer
